{
  "version": "2020.1",
  "applications": [],
  "platforms": [
    {
      "name": "lms7_trx_top"
    }
  ],
  "systems": [
    {
      "name": "cpu_system",
      "platform": "/home/servenikas/git/pcie_5gradio_gw/workspace/lms7_trx_top/export/lms7_trx_top/lms7_trx_top.xpfm",
      "sysConfig": "lms7_trx_top",
      "applications": [
        {
          "name": "cpu",
          "platform": "/home/servenikas/git/pcie_5gradio_gw/workspace/lms7_trx_top/export/lms7_trx_top/lms7_trx_top.xpfm",
          "platformPath": "X:\\Work\\5G_RADIO_01\\sw_workspace\\lms7_trx_top\\export\\lms7_trx_top",
          "sysConfig": "lms7_trx_top",
          "domain": "domain_microblaze_0",
          "system": "cpu_system"
        }
      ],
      "platformPath": "X:\\Work\\5G_RADIO_01\\sw_workspace\\lms7_trx_top\\export\\lms7_trx_top"
    }
  ],
  "others": []
}